,voltage,POWER,pump_mode,evt_timestamp,flow,head,CURRENT,speed,deviceid,devicetype,rcv_timestamp_utc,updated_utc
0,434.0,18.769,a,2020-01-20 14:00:01.070,1237.958,60.609,32.19,1137.0,111137F8,pump_agupta_v1,2021-10-27 13:10:10.000,2021-10-27 13:10:09.000
1,434.0,18.668,a,2020-01-20 14:05:00.980,1229.534,60.543,32.39,1135.0,111137F8,pump_agupta_v1,2021-10-27 13:10:20.000,2021-10-27 13:10:19.000
2,434.0,18.742,a,2020-01-20 14:10:01.200,1229.134,60.817,32.8,1137.0,111137F8,pump_agupta_v1,2021-10-27 13:10:30.000,2021-10-27 13:10:29.000
3,433.0,18.682,a,2020-01-20 14:15:01.110,1233.697,60.478,32.51,1135.0,111137F8,pump_agupta_v1,2021-10-27 13:10:40.000,2021-10-27 13:10:39.000
4,433.0,18.696,a,2020-01-20 14:20:01.140,1228.706,60.694,32.86,1136.0,111137F8,pump_agupta_v1,2021-10-27 13:10:50.000,2021-10-27 13:10:49.000
5,436.0,18.782,a,2020-01-20 22:50:03.300,1233.056,60.857,32.48,1138.0,111137F8,pump_agupta_v1,2021-10-27 13:27:51.000,2021-10-27 13:27:50.000
6,433.0,18.65,a,2020-01-20 22:55:03.260,1225.785,60.4,32.39,1134.0,111137F8,pump_agupta_v1,2021-10-27 13:28:01.000,2021-10-27 13:28:00.000
7,434.0,18.637,a,2020-01-20 23:00:03.230,1239.029,60.385,32.34,1135.0,111137F8,pump_agupta_v1,2021-10-27 13:28:11.000,2021-10-27 13:28:10.000
8,433.0,18.64,a,2020-01-20 23:05:03.190,1232.034,60.483,32.51,1135.0,111137F8,pump_agupta_v1,2021-10-27 13:28:22.000,2021-10-27 13:28:20.000
9,433.0,18.667,a,2020-01-20 23:10:03.300,1238.068,60.276,32.73,1134.0,111137F8,pump_agupta_v1,2021-10-27 13:28:31.000,2021-10-27 13:28:30.000
10,434.0,18.683,a,2020-01-21 00:55:03.800,1221.896,60.754,32.61,1136.0,111137F8,pump_agupta_v1,2021-10-27 13:32:02.000,2021-10-27 13:32:01.000
11,433.0,18.652,a,2020-01-21 01:00:03.630,1229.443,60.412,32.52,1134.0,111137F8,pump_agupta_v1,2021-10-27 13:32:12.000,2021-10-27 13:32:11.000
12,433.0,18.608,a,2020-01-21 01:05:03.780,1227.526,60.458,32.59,1134.0,111137F8,pump_agupta_v1,2021-10-27 13:32:22.000,2021-10-27 13:32:21.000
13,433.0,18.559,a,2020-01-21 01:10:03.870,1227.036,60.437,32.4,1134.0,111137F8,pump_agupta_v1,2021-10-27 13:32:32.000,2021-10-27 13:32:31.000
14,434.0,18.83,a,2020-01-21 01:15:03.770,1237.652,60.483,32.72,1136.0,111137F8,pump_agupta_v1,2021-10-27 13:32:42.000,2021-10-27 13:32:41.000
15,427.0,18.292,a,2020-01-21 02:10:03.850,1232.413,59.224,32.2,1125.0,111137F8,pump_agupta_v1,2021-10-27 13:34:33.000,2021-10-27 13:34:31.000
16,425.0,18.178,a,2020-01-21 02:15:03.890,1234.885,58.839,32.22,1122.0,111137F8,pump_agupta_v1,2021-10-27 13:34:42.000,2021-10-27 13:34:41.000
17,426.0,18.154,a,2020-01-21 02:20:04.070,1230.376,59.076,32.31,1124.0,111137F8,pump_agupta_v1,2021-10-27 13:34:53.000,2021-10-27 13:34:51.000
18,427.0,18.233,a,2020-01-21 02:25:04.310,1226.513,59.429,32.44,1126.0,111137F8,pump_agupta_v1,2021-10-27 13:35:03.000,2021-10-27 13:35:01.000
19,424.0,18.003,a,2020-01-21 02:30:04.180,1223.933,58.868,31.99,1121.0,111137F8,pump_agupta_v1,2021-10-27 13:35:12.000,2021-10-27 13:35:11.000
20,432.0,18.59,a,2020-01-21 03:50:04.370,1230.597,60.089,32.34,1132.0,111137F8,pump_agupta_v1,2021-10-27 13:37:52.000,2021-10-27 13:37:51.000
21,432.0,18.604,a,2020-01-21 03:55:04.430,1234.329,60.099,32.48,1132.0,111137F8,pump_agupta_v1,2021-10-27 13:38:02.000,2021-10-27 13:38:01.000
22,429.0,18.481,a,2020-01-21 04:00:04.320,1224.216,59.745,32.67,1129.0,111137F8,pump_agupta_v1,2021-10-27 13:38:12.000,2021-10-27 13:38:11.000
23,428.0,18.234,a,2020-01-21 04:05:04.310,1232.738,59.414,32.33,1127.0,111137F8,pump_agupta_v1,2021-10-27 13:38:22.000,2021-10-27 13:38:21.000
24,429.0,18.447,a,2020-01-21 04:10:04.430,1235.298,59.61600000000001,32.55,1129.0,111137F8,pump_agupta_v1,2021-10-27 13:38:33.000,2021-10-27 13:38:31.000
25,426.0,18.237,a,2020-01-21 05:05:04.540,1228.383,59.12300000000001,32.04,1124.0,111137F8,pump_agupta_v1,2021-10-27 13:40:23.000,2021-10-27 13:40:21.000
26,426.0,18.28,a,2020-01-21 05:10:04.760,1236.251,58.937,32.24,1124.0,111137F8,pump_agupta_v1,2021-10-27 13:40:33.000,2021-10-27 13:40:32.000
27,427.0,18.281,a,2020-01-21 05:15:04.790,1229.277,59.364,32.42,1126.0,111137F8,pump_agupta_v1,2021-10-27 13:40:43.000,2021-10-27 13:40:42.000
28,429.0,18.411,a,2020-01-21 05:20:04.750,1228.297,59.65,32.47,1128.0,111137F8,pump_agupta_v1,2021-10-27 13:40:53.000,2021-10-27 13:40:51.000
29,427.0,18.31,a,2020-01-21 05:25:04.970,1229.78,59.32,32.39,1126.0,111137F8,pump_agupta_v1,2021-10-27 13:41:03.000,2021-10-27 13:41:02.000
30,433.0,18.629,a,2020-01-20 13:10:00.880,1235.489,60.369,32.37,1134.0,111137F8,pump_agupta_v1,2021-10-27 13:08:30.000,2021-10-27 13:08:29.000
31,434.0,18.84,a,2020-01-20 13:15:01.020,1235.512,60.799,32.66,1138.0,111137F8,pump_agupta_v1,2021-10-27 13:08:40.000,2021-10-27 13:08:39.000
32,434.0,18.754,a,2020-01-20 13:20:01.160,1235.345,60.539,32.33,1136.0,111137F8,pump_agupta_v1,2021-10-27 13:08:50.000,2021-10-27 13:08:49.000
33,434.0,18.767,a,2020-01-20 13:25:01.080,1235.726,60.562,32.54,1136.0,111137F8,pump_agupta_v1,2021-10-27 13:09:00.000,2021-10-27 13:08:59.000
34,434.0,18.638,a,2020-01-20 13:30:01.060,1227.823,60.583,32.69,1135.0,111137F8,pump_agupta_v1,2021-10-27 13:09:10.000,2021-10-27 13:09:09.000
35,433.0,18.796,a,2020-01-20 14:50:01.350,1227.093,60.865,32.59,1138.0,111137F8,pump_agupta_v1,2021-10-27 13:11:50.000,2021-10-27 13:11:49.000
36,433.0,18.704,a,2020-01-20 14:55:01.500,1230.089,60.662,32.61,1136.0,111137F8,pump_agupta_v1,2021-10-27 13:12:00.000,2021-10-27 13:11:59.000
37,433.0,18.721,a,2020-01-20 15:00:01.570,1238.5410000000004,60.331,32.65,1135.0,111137F8,pump_agupta_v1,2021-10-27 13:12:10.000,2021-10-27 13:12:09.000
38,431.0,18.672,a,2020-01-20 15:05:01.360,1235.228,60.64,32.25,1136.0,111137F8,pump_agupta_v1,2021-10-27 13:12:20.000,2021-10-27 13:12:19.000
39,431.0,18.801,a,2020-01-20 15:10:01.470,1230.743,60.779,32.57,1137.0,111137F8,pump_agupta_v1,2021-10-27 13:12:30.000,2021-10-27 13:12:29.000
40,433.0,18.681,a,2020-01-20 15:15:01.430,1231.78,60.457,32.38,1135.0,111137F8,pump_agupta_v1,2021-10-27 13:12:40.000,2021-10-27 13:12:39.000
41,432.0,18.681,a,2020-01-20 15:20:01.490,1233.341,60.453,32.35,1135.0,111137F8,pump_agupta_v1,2021-10-27 13:12:50.000,2021-10-27 13:12:49.000
42,432.0,18.616,a,2020-01-20 15:25:01.540,1229.491,60.544,32.8,1135.0,111137F8,pump_agupta_v1,2021-10-27 13:13:00.000,2021-10-27 13:12:59.000
43,433.0,18.735,a,2020-01-20 15:30:01.570,1234.101,60.63399999999999,32.47,1136.0,111137F8,pump_agupta_v1,2021-10-27 13:13:10.000,2021-10-27 13:13:09.000
44,432.0,18.591,a,2020-01-20 15:35:01.410,1235.489,60.369,32.51,1134.0,111137F8,pump_agupta_v1,2021-10-27 13:13:20.000,2021-10-27 13:13:19.000
45,430.0,18.744,a,2020-01-20 15:40:01.540,1225.441,60.804,32.71,1137.0,111137F8,pump_agupta_v1,2021-10-27 13:13:30.000,2021-10-27 13:13:29.000
46,430.0,18.598,a,2020-01-20 15:45:01.730,1233.421,60.353,32.46,1134.0,111137F8,pump_agupta_v1,2021-10-27 13:13:40.000,2021-10-27 13:13:39.000
47,434.0,18.748,a,2020-01-20 15:50:01.530,1229.6760000000004,60.473,32.58,1135.0,111137F8,pump_agupta_v1,2021-10-27 13:13:50.000,2021-10-27 13:13:49.000
48,433.0,18.53,a,2020-01-20 15:55:01.310,1223.0,60.432,32.33,1134.0,111137F8,pump_agupta_v1,2021-10-27 13:14:00.000,2021-10-27 13:13:59.000
49,433.0,18.578,a,2020-01-20 16:00:01.490,1225.384,60.507,32.46,1134.0,111137F8,pump_agupta_v1,2021-10-27 13:14:10.000,2021-10-27 13:14:09.000
50,434.0,18.723,a,2020-01-20 16:05:01.540,1232.909,60.596,32.46,1136.0,111137F8,pump_agupta_v1,2021-10-27 13:14:20.000,2021-10-27 13:14:19.000
51,434.0,18.714,a,2020-01-20 16:10:01.590,1231.423,60.432,32.77,1135.0,111137F8,pump_agupta_v1,2021-10-27 13:14:30.000,2021-10-27 13:14:29.000
52,433.0,18.723,a,2020-01-20 16:15:01.700,1237.995,60.21100000000001,32.52,1134.0,111137F8,pump_agupta_v1,2021-10-27 13:14:40.000,2021-10-27 13:14:39.000
53,433.0,18.637,a,2020-01-20 16:20:01.600,1223.862,60.478,32.71,1134.0,111137F8,pump_agupta_v1,2021-10-27 13:14:50.000,2021-10-27 13:14:49.000
54,434.0,18.647,a,2020-01-20 16:25:01.680,1233.932,60.43899999999999,32.49,1135.0,111137F8,pump_agupta_v1,2021-10-27 13:15:00.000,2021-10-27 13:14:59.000
55,432.0,18.661,a,2020-01-20 16:30:01.780,1235.432,60.206,32.39,1133.0,111137F8,pump_agupta_v1,2021-10-27 13:15:10.000,2021-10-27 13:15:09.000
56,434.0,18.613,a,2020-01-20 16:35:01.640,1221.967,60.654,32.38,1135.0,111137F8,pump_agupta_v1,2021-10-27 13:15:20.000,2021-10-27 13:15:19.000
57,435.0,18.764,a,2020-01-20 16:40:01.560,1232.49,60.77,32.33,1137.0,111137F8,pump_agupta_v1,2021-10-27 13:15:30.000,2021-10-27 13:15:29.000
58,436.0,18.821,a,2020-01-20 16:45:01.750,1233.388,60.85,32.71,1138.0,111137F8,pump_agupta_v1,2021-10-27 13:15:40.000,2021-10-27 13:15:39.000
59,436.0,18.788,a,2020-01-20 19:25:02.380,1230.674,60.913,32.83,1138.0,111137F8,pump_agupta_v1,2021-10-27 13:21:01.000,2021-10-27 13:21:00.000
60,434.0,18.692,a,2020-01-20 19:30:02.240,1236.912,60.567,32.49,1136.0,111137F8,pump_agupta_v1,2021-10-27 13:21:11.000,2021-10-27 13:21:10.000
61,435.0,18.815,a,2020-01-20 19:35:02.360,1233.244,60.853,32.59,1138.0,111137F8,pump_agupta_v1,2021-10-27 13:21:21.000,2021-10-27 13:21:20.000
62,436.0,18.814,a,2020-01-20 19:40:02.310,1225.024,60.979,32.39,1138.0,111137F8,pump_agupta_v1,2021-10-27 13:21:31.000,2021-10-27 13:21:30.000
63,434.0,18.696,a,2020-01-20 19:45:02.480,1230.854,60.512,32.71,1135.0,111137F8,pump_agupta_v1,2021-10-27 13:21:41.000,2021-10-27 13:21:40.000
64,434.0,18.75,a,2020-01-20 19:50:02.380,1243.283,60.449,32.27,1136.0,111137F8,pump_agupta_v1,2021-10-27 13:21:51.000,2021-10-27 13:21:50.000
65,436.0,18.814,a,2020-01-20 19:55:02.420,1238.313,60.99800000000001,32.7,1139.0,111137F8,pump_agupta_v1,2021-10-27 13:22:01.000,2021-10-27 13:22:00.000
66,436.0,18.806,a,2020-01-20 20:00:02.610,1233.428,60.848,32.43,1138.0,111137F8,pump_agupta_v1,2021-10-27 13:22:11.000,2021-10-27 13:22:10.000
67,436.0,18.872,a,2020-01-20 20:05:02.390,1226.383,61.312,32.69,1141.0,111137F8,pump_agupta_v1,2021-10-27 13:22:21.000,2021-10-27 13:22:20.000
68,436.0,18.821,a,2020-01-20 20:10:02.740,1225.588,61.032,32.89,1138.0,111137F8,pump_agupta_v1,2021-10-27 13:22:31.000,2021-10-27 13:22:30.000
69,435.0,18.733,a,2020-01-20 20:15:02.420,1224.936,60.849,32.59,1137.0,111137F8,pump_agupta_v1,2021-10-27 13:22:41.000,2021-10-27 13:22:40.000
70,435.0,18.831,a,2020-01-20 20:45:02.800,1237.054,60.762,32.55,1138.0,111137F8,pump_agupta_v1,2021-10-27 13:23:41.000,2021-10-27 13:23:40.000
71,436.0,18.827,a,2020-01-20 20:50:02.570,1237.663,60.749,32.39,1138.0,111137F8,pump_agupta_v1,2021-10-27 13:23:51.000,2021-10-27 13:23:50.000
72,435.0,18.805,a,2020-01-20 20:55:02.720,1229.934,60.798,32.67,1137.0,111137F8,pump_agupta_v1,2021-10-27 13:24:01.000,2021-10-27 13:24:00.000
73,435.0,18.708,a,2020-01-20 21:00:02.850,1231.533,60.727,32.45,1137.0,111137F8,pump_agupta_v1,2021-10-27 13:24:11.000,2021-10-27 13:24:10.000
74,436.0,18.845,a,2020-01-20 21:05:02.640,1230.252,60.923,32.67,1138.0,111137F8,pump_agupta_v1,2021-10-27 13:24:22.000,2021-10-27 13:24:20.000
75,434.0,18.617,a,2020-01-20 21:10:02.600,1227.047,60.733,32.59,1136.0,111137F8,pump_agupta_v1,2021-10-27 13:24:31.000,2021-10-27 13:24:30.000
76,436.0,18.848,a,2020-01-20 21:15:02.830,1229.372,61.076,32.76,1139.0,111137F8,pump_agupta_v1,2021-10-27 13:24:41.000,2021-10-27 13:24:40.000
77,435.0,18.686,a,2020-01-20 21:20:02.910,1232.5410000000004,60.737,32.25,1137.0,111137F8,pump_agupta_v1,2021-10-27 13:24:51.000,2021-10-27 13:24:50.000
78,434.0,18.644,a,2020-01-20 21:25:02.950,1232.592,60.602,32.57,1136.0,111137F8,pump_agupta_v1,2021-10-27 13:25:02.000,2021-10-27 13:25:00.000
79,436.0,18.85,a,2020-01-20 21:30:02.860,1232.065,60.88,32.93,1138.0,111137F8,pump_agupta_v1,2021-10-27 13:25:11.000,2021-10-27 13:25:10.000
80,435.0,18.833,a,2020-01-20 22:00:02.850,1233.523,60.679,32.35,1137.0,111137F8,pump_agupta_v1,2021-10-27 13:26:11.000,2021-10-27 13:26:10.000
81,434.0,18.646,a,2020-01-20 22:05:03.080,1226.244,60.752,32.2,1136.0,111137F8,pump_agupta_v1,2021-10-27 13:26:21.000,2021-10-27 13:26:20.000
82,435.0,18.759,a,2020-01-20 22:10:03.000,1237.691,60.679,32.35,1137.0,111137F8,pump_agupta_v1,2021-10-27 13:26:31.000,2021-10-27 13:26:30.000
83,434.0,18.701,a,2020-01-20 22:15:02.920,1223.302,60.589,32.73,1135.0,111137F8,pump_agupta_v1,2021-10-27 13:26:41.000,2021-10-27 13:26:40.000
84,434.0,18.767,a,2020-01-20 22:20:03.090,1237.142,60.496,32.76,1136.0,111137F8,pump_agupta_v1,2021-10-27 13:26:51.000,2021-10-27 13:26:50.000
85,433.0,18.553,a,2020-01-20 22:25:03.170,1230.59,60.385,32.19,1134.0,111137F8,pump_agupta_v1,2021-10-27 13:27:01.000,2021-10-27 13:27:00.000
86,434.0,18.691,a,2020-01-20 22:30:03.140,1234.8010000000004,60.551,32.54,1136.0,111137F8,pump_agupta_v1,2021-10-27 13:27:11.000,2021-10-27 13:27:10.000
87,434.0,18.664,a,2020-01-20 22:35:03.260,1225.142,60.57899999999999,32.19,1135.0,111137F8,pump_agupta_v1,2021-10-27 13:27:21.000,2021-10-27 13:27:20.000
88,434.0,18.83,a,2020-01-20 22:40:03.280,1230.897,60.674,32.55,1136.0,111137F8,pump_agupta_v1,2021-10-27 13:27:31.000,2021-10-27 13:27:30.000
89,434.0,18.67,a,2020-01-20 22:45:03.020,1233.404,60.452,32.7,1135.0,111137F8,pump_agupta_v1,2021-10-27 13:27:41.000,2021-10-27 13:27:40.000
90,435.0,18.772,a,2020-01-20 23:15:03.200,1241.265,60.727,32.61,1137.0,111137F8,pump_agupta_v1,2021-10-27 13:28:42.000,2021-10-27 13:28:40.000
91,434.0,18.667,a,2020-01-20 23:20:03.170,1237.557,60.453,32.56,1135.0,111137F8,pump_agupta_v1,2021-10-27 13:28:52.000,2021-10-27 13:28:50.000
92,435.0,18.847,a,2020-01-20 23:25:03.190,1235.314,60.70399999999999,32.58,1137.0,111137F8,pump_agupta_v1,2021-10-27 13:29:02.000,2021-10-27 13:29:00.000
93,435.0,18.752,a,2020-01-20 23:30:03.330,1234.907,60.714,32.91,1137.0,111137F8,pump_agupta_v1,2021-10-27 13:29:12.000,2021-10-27 13:29:10.000
94,434.0,18.717,a,2020-01-20 23:35:03.380,1231.272,60.56800000000001,32.2,1136.0,111137F8,pump_agupta_v1,2021-10-27 13:29:22.000,2021-10-27 13:29:20.000
95,433.0,18.689,a,2020-01-21 00:30:03.750,1233.831,60.442,32.82,1135.0,111137F8,pump_agupta_v1,2021-10-27 13:31:12.000,2021-10-27 13:31:11.000
96,434.0,18.603,a,2020-01-21 00:35:03.330,1232.508,60.538,32.63,1135.0,111137F8,pump_agupta_v1,2021-10-27 13:31:22.000,2021-10-27 13:31:21.000
97,433.0,18.581,a,2020-01-21 00:40:03.480,1232.71,60.33600000000001,32.21,1134.0,111137F8,pump_agupta_v1,2021-10-27 13:31:32.000,2021-10-27 13:31:31.000
98,432.0,18.51,a,2020-01-21 00:45:03.640,1226.206,60.357,32.07,1133.0,111137F8,pump_agupta_v1,2021-10-27 13:31:42.000,2021-10-27 13:31:41.000
99,434.0,18.644,a,2020-01-21 00:50:03.640,1233.622,60.44600000000001,31.94,1135.0,111137F8,pump_agupta_v1,2021-10-27 13:31:52.000,2021-10-27 13:31:51.000
100,433.0,18.651,a,2020-01-21 01:20:04.080,1228.976,60.556,32.33,1135.0,111137F8,pump_agupta_v1,2021-10-27 13:32:52.000,2021-10-27 13:32:51.000
101,432.0,18.589,a,2020-01-21 01:25:03.720,1237.207,60.19600000000001,32.59,1133.0,111137F8,pump_agupta_v1,2021-10-27 13:33:02.000,2021-10-27 13:33:01.000
102,433.0,18.563,a,2020-01-21 01:30:03.710,1229.006,60.423,32.14,1134.0,111137F8,pump_agupta_v1,2021-10-27 13:33:12.000,2021-10-27 13:33:11.000
103,434.0,18.701,a,2020-01-21 01:35:03.870,1232.462,60.441,32.52,1135.0,111137F8,pump_agupta_v1,2021-10-27 13:33:23.000,2021-10-27 13:33:21.000
104,433.0,18.691,a,2020-01-21 01:40:03.730,1238.627,60.262,32.57,1134.0,111137F8,pump_agupta_v1,2021-10-27 13:33:32.000,2021-10-27 13:33:31.000
105,428.0,18.36,a,2020-01-21 02:35:04.220,1219.195,59.469,32.47,1127.0,111137F8,pump_agupta_v1,2021-10-27 13:35:23.000,2021-10-27 13:35:21.000
106,430.0,18.547,a,2020-01-21 02:40:04.120,1229.932,59.775,32.52,1130.0,111137F8,pump_agupta_v1,2021-10-27 13:35:33.000,2021-10-27 13:35:31.000
107,434.0,18.737,a,2020-01-21 02:45:04.250,1231.896,60.62,32.35,1136.0,111137F8,pump_agupta_v1,2021-10-27 13:35:43.000,2021-10-27 13:35:41.000
108,432.0,18.59,a,2020-01-21 02:50:03.960,1237.841,60.083,32.44,1132.0,111137F8,pump_agupta_v1,2021-10-27 13:35:52.000,2021-10-27 13:35:51.000
109,434.0,18.759,a,2020-01-21 02:55:04.230,1234.717,60.42,32.55,1135.0,111137F8,pump_agupta_v1,2021-10-27 13:36:02.000,2021-10-27 13:36:01.000
110,432.0,18.595,a,2020-01-21 03:00:04.310,1232.133,60.218,32.58,1133.0,111137F8,pump_agupta_v1,2021-10-27 13:36:12.000,2021-10-27 13:36:11.000
111,433.0,18.576,a,2020-01-21 03:05:04.320,1226.432,60.351000000000006,32.1,1134.0,111137F8,pump_agupta_v1,2021-10-27 13:36:22.000,2021-10-27 13:36:21.000
112,432.0,18.548,a,2020-01-21 03:10:03.970,1231.904,60.157,32.35,1132.0,111137F8,pump_agupta_v1,2021-10-27 13:36:33.000,2021-10-27 13:36:31.000
113,432.0,18.524,a,2020-01-21 03:15:04.470,1233.501,60.053,32.09,1132.0,111137F8,pump_agupta_v1,2021-10-27 13:36:42.000,2021-10-27 13:36:41.000
114,432.0,18.431,a,2020-01-21 03:20:04.350,1226.321,60.255,32.2,1132.0,111137F8,pump_agupta_v1,2021-10-27 13:36:52.000,2021-10-27 13:36:51.000
115,429.0,18.366,a,2020-01-21 04:40:04.660,1219.098,59.701,32.57,1128.0,111137F8,pump_agupta_v1,2021-10-27 13:39:33.000,2021-10-27 13:39:31.000
116,429.0,18.339,a,2020-01-21 04:45:04.610,1237.894,59.521,32.42,1128.0,111137F8,pump_agupta_v1,2021-10-27 13:39:43.000,2021-10-27 13:39:41.000
117,426.0,18.078,a,2020-01-21 04:50:04.630,1227.525,59.175,32.06,1124.0,111137F8,pump_agupta_v1,2021-10-27 13:39:53.000,2021-10-27 13:39:51.000
118,429.0,18.322,a,2020-01-21 04:55:04.760,1236.108,59.49800000000001,31.92,1128.0,111137F8,pump_agupta_v1,2021-10-27 13:40:03.000,2021-10-27 13:40:02.000
119,426.0,18.178,a,2020-01-21 05:00:04.740,1228.38,59.15600000000001,32.05,1124.0,111137F8,pump_agupta_v1,2021-10-27 13:40:13.000,2021-10-27 13:40:12.000
120,427.0,18.246,a,2020-01-21 05:55:04.790,1237.943,59.159,32.14,1125.0,111137F8,pump_agupta_v1,2021-10-27 13:42:03.000,2021-10-27 13:42:02.000
121,428.0,18.342,a,2020-01-21 06:00:04.980,1229.417,59.492,32.44,1127.0,111137F8,pump_agupta_v1,2021-10-27 13:42:13.000,2021-10-27 13:42:12.000
122,426.0,18.198,a,2020-01-21 06:05:05.120,1228.686,59.018,32.3,1124.0,111137F8,pump_agupta_v1,2021-10-27 13:42:23.000,2021-10-27 13:42:22.000
123,427.0,18.301,a,2020-01-21 06:10:04.950,1237.404,59.106,32.36,1125.0,111137F8,pump_agupta_v1,2021-10-27 13:42:33.000,2021-10-27 13:42:32.000
124,427.0,18.166,a,2020-01-21 06:15:05.010,1232.523,59.157,32.06,1125.0,111137F8,pump_agupta_v1,2021-10-27 13:42:43.000,2021-10-27 13:42:42.000
125,426.0,18.246,a,2020-01-21 06:20:04.920,1229.697,59.092,32.04,1124.0,111137F8,pump_agupta_v1,2021-10-27 13:42:53.000,2021-10-27 13:42:52.000
126,425.0,18.136,a,2020-01-21 06:25:04.880,1227.309,58.854,32.03,1122.0,111137F8,pump_agupta_v1,2021-10-27 13:43:03.000,2021-10-27 13:43:02.000
127,424.0,18.04,a,2020-01-21 06:30:05.170,1229.072,58.747,31.99,1121.0,111137F8,pump_agupta_v1,2021-10-27 13:43:13.000,2021-10-27 13:43:12.000
128,432.0,18.6,a,2020-01-20 14:25:01.050,1236.511,60.246,32.28,1134.0,111137F8,pump_agupta_v1,2021-10-27 13:11:00.000,2021-10-27 13:10:59.000
129,433.0,18.626,a,2020-01-20 14:30:01.110,1235.029,60.44600000000001,32.44,1135.0,111137F8,pump_agupta_v1,2021-10-27 13:11:10.000,2021-10-27 13:11:09.000
130,433.0,18.775,a,2020-01-20 14:35:01.120,1231.548,60.694,32.67,1137.0,111137F8,pump_agupta_v1,2021-10-27 13:11:20.000,2021-10-27 13:11:19.000
131,433.0,18.797,a,2020-01-20 14:40:01.100,1233.213,60.721,32.82,1137.0,111137F8,pump_agupta_v1,2021-10-27 13:11:30.000,2021-10-27 13:11:29.000
132,433.0,18.753,a,2020-01-20 14:45:01.290,1233.636,60.57899999999999,32.44,1136.0,111137F8,pump_agupta_v1,2021-10-27 13:11:40.000,2021-10-27 13:11:39.000
133,435.0,18.851,a,2020-01-19 17:59:56.290,1228.583,61.492,32.58,1142.0,111137F8,pump_agupta_v1,2021-10-27 12:30:06.000,2021-10-27 12:30:05.000
134,435.0,18.885,a,2020-01-19 18:04:56.370,1229.491,61.43899999999999,32.61,1141.0,111137F8,pump_agupta_v1,2021-10-27 12:30:16.000,2021-10-27 12:30:15.000
135,435.0,18.908,a,2020-01-19 18:09:56.460,1222.2089999999996,61.542,32.52,1142.0,111137F8,pump_agupta_v1,2021-10-27 12:30:26.000,2021-10-27 12:30:25.000
136,435.0,18.99,a,2020-01-19 18:15:01.100,1236.145,61.481,32.67,1143.0,111137F8,pump_agupta_v1,2021-10-27 12:30:36.000,2021-10-27 12:30:35.000
137,436.0,18.927,a,2020-01-19 18:20:17.390,1226.55,61.54,32.41,1142.0,111137F8,pump_agupta_v1,2021-10-27 12:30:46.000,2021-10-27 12:30:45.000
138,435.0,18.904,a,2020-01-19 18:24:56.460,1230.617,61.312,32.77,1141.0,111137F8,pump_agupta_v1,2021-10-27 12:30:56.000,2021-10-27 12:30:55.000
139,435.0,18.914,a,2020-01-19 18:29:56.490,1225.899,61.423,32.77,1141.0,111137F8,pump_agupta_v1,2021-10-27 12:31:06.000,2021-10-27 12:31:05.000
140,436.0,18.909,a,2020-01-19 18:34:56.560,1228.823,61.222,32.46,1140.0,111137F8,pump_agupta_v1,2021-10-27 12:31:16.000,2021-10-27 12:31:15.000
141,436.0,19.079,a,2020-01-19 18:39:56.510,1242.64,61.394,32.67,1143.0,111137F8,pump_agupta_v1,2021-10-27 12:31:26.000,2021-10-27 12:31:25.000
142,435.0,18.824,a,2020-01-19 18:44:56.600,1224.64,61.187,32.56,1140.0,111137F8,pump_agupta_v1,2021-10-27 12:31:37.000,2021-10-27 12:31:35.000
143,435.0,18.992,a,2020-01-19 18:49:56.590,1235.917,61.08600000000001,32.53,1140.0,111137F8,pump_agupta_v1,2021-10-27 12:31:47.000,2021-10-27 12:31:45.000
144,435.0,18.719,a,2020-01-19 18:54:56.640,1229.438,60.973,32.67,1138.0,111137F8,pump_agupta_v1,2021-10-27 12:31:56.000,2021-10-27 12:31:55.000
145,435.0,18.855,a,2020-01-19 18:59:56.560,1238.843,60.919,32.93,1139.0,111137F8,pump_agupta_v1,2021-10-27 12:32:07.000,2021-10-27 12:32:06.000
146,434.0,18.829,a,2020-01-19 19:04:56.660,1231.195,61.165,32.59,1140.0,111137F8,pump_agupta_v1,2021-10-27 12:32:16.000,2021-10-27 12:32:15.000
147,435.0,18.891,a,2020-01-19 19:09:56.680,1227.213,61.293,32.85,1141.0,111137F8,pump_agupta_v1,2021-10-27 12:33:10.000,2021-10-27 12:32:49.000
148,434.0,18.745,a,2020-01-19 19:14:56.530,1226.223,61.15,32.32,1139.0,111137F8,pump_agupta_v1,2021-10-27 12:33:10.000,2021-10-27 12:32:49.000
149,435.0,18.973,a,2020-01-19 19:19:56.700,1235.405,61.333,32.9,1142.0,111137F8,pump_agupta_v1,2021-10-27 12:33:10.000,2021-10-27 12:32:49.000
150,434.0,18.922,a,2020-01-19 19:24:56.640,1229.562,61.337,32.55,1141.0,111137F8,pump_agupta_v1,2021-10-27 12:33:10.000,2021-10-27 12:32:55.000
151,434.0,18.943,a,2020-01-19 19:29:56.780,1229.287,61.277,32.84,1141.0,111137F8,pump_agupta_v1,2021-10-27 12:33:10.000,2021-10-27 12:33:05.000
152,434.0,18.848,a,2020-01-19 19:34:57.050,1237.593,60.982,32.79,1139.0,111137F8,pump_agupta_v1,2021-10-27 12:33:17.000,2021-10-27 12:33:15.000
153,433.0,19.005,a,2020-01-19 19:39:56.720,1234.13,61.496,33.0,1143.0,111137F8,pump_agupta_v1,2021-10-27 12:33:27.000,2021-10-27 12:33:26.000
154,433.0,19.034,a,2020-01-19 19:44:56.620,1236.352,61.31,32.89,1142.0,111137F8,pump_agupta_v1,2021-10-27 12:33:37.000,2021-10-27 12:33:35.000
155,432.0,18.736,a,2020-01-19 19:49:56.790,1228.678,61.125,32.42,1139.0,111137F8,pump_agupta_v1,2021-10-27 12:33:47.000,2021-10-27 12:33:46.000
156,433.0,18.922,a,2020-01-19 19:54:56.850,1229.028,61.217,33.13,1140.0,111137F8,pump_agupta_v1,2021-10-27 12:33:57.000,2021-10-27 12:33:56.000
157,433.0,19.092,a,2020-01-19 19:59:56.750,1239.672,61.063,33.08,1141.0,111137F8,pump_agupta_v1,2021-10-27 12:34:07.000,2021-10-27 12:34:06.000
158,433.0,18.712,a,2020-01-19 20:29:59.610,1225.419,61.003,32.58,1138.0,111137F8,pump_agupta_v1,2021-10-27 12:35:07.000,2021-10-27 12:35:06.000
159,433.0,18.924,a,2020-01-19 20:34:57.000,1232.804,60.962,32.88,1139.0,111137F8,pump_agupta_v1,2021-10-27 12:35:17.000,2021-10-27 12:35:16.000
160,433.0,19.011,a,2020-01-19 20:39:56.860,1234.239,60.892,33.19,1139.0,111137F8,pump_agupta_v1,2021-10-27 12:35:27.000,2021-10-27 12:35:26.000
161,433.0,18.878,a,2020-01-19 20:44:56.960,1224.132,61.265,33.1,1140.0,111137F8,pump_agupta_v1,2021-10-27 12:35:37.000,2021-10-27 12:35:36.000
162,433.0,18.794,a,2020-01-19 20:49:56.940,1236.283,60.979,32.47,1139.0,111137F8,pump_agupta_v1,2021-10-27 12:35:47.000,2021-10-27 12:35:46.000
163,434.0,18.689,a,2020-01-19 21:19:57.160,1227.081,60.733,32.38,1136.0,111137F8,pump_agupta_v1,2021-10-27 12:36:47.000,2021-10-27 12:36:46.000
164,433.0,18.951,a,2020-01-19 21:24:57.000,1227.539,61.284,32.97,1141.0,111137F8,pump_agupta_v1,2021-10-27 12:36:57.000,2021-10-27 12:36:56.000
165,433.0,18.773,a,2020-01-19 21:29:57.200,1234.354,60.959,32.34,1139.0,111137F8,pump_agupta_v1,2021-10-27 12:37:07.000,2021-10-27 12:37:06.000
166,434.0,18.67,a,2020-01-19 21:34:57.260,1222.134,61.112,32.39,1138.0,111137F8,pump_agupta_v1,2021-10-27 12:37:17.000,2021-10-27 12:37:16.000
167,434.0,18.907,a,2020-01-19 21:39:57.140,1228.643,61.226000000000006,32.27,1140.0,111137F8,pump_agupta_v1,2021-10-27 12:37:27.000,2021-10-27 12:37:26.000
168,434.0,18.906,a,2020-01-19 21:44:57.120,1235.002,61.077,32.91,1140.0,111137F8,pump_agupta_v1,2021-10-27 12:37:37.000,2021-10-27 12:37:36.000
169,433.0,18.85,a,2020-01-19 21:49:57.130,1228.137,61.238,32.65,1140.0,111137F8,pump_agupta_v1,2021-10-27 12:37:47.000,2021-10-27 12:37:46.000
170,433.0,18.955,a,2020-01-19 21:54:57.260,1235.755,61.058,32.82,1140.0,111137F8,pump_agupta_v1,2021-10-27 12:37:57.000,2021-10-27 12:37:56.000
171,433.0,18.95,a,2020-01-19 21:59:57.360,1231.577,61.057,32.74,1140.0,111137F8,pump_agupta_v1,2021-10-27 12:38:07.000,2021-10-27 12:38:06.000
172,433.0,18.975,a,2020-01-19 22:04:57.350,1237.727,61.377,32.86,1142.0,111137F8,pump_agupta_v1,2021-10-27 12:38:17.000,2021-10-27 12:38:16.000
173,434.0,18.708,a,2020-01-19 22:59:57.650,1230.664,60.912,32.23,1138.0,111137F8,pump_agupta_v1,2021-10-27 12:40:07.000,2021-10-27 12:40:06.000
174,434.0,18.794,a,2020-01-19 23:04:58.040,1236.179,60.949,32.65,1139.0,111137F8,pump_agupta_v1,2021-10-27 12:40:18.000,2021-10-27 12:40:16.000
175,434.0,18.918,a,2020-01-19 23:09:57.420,1236.232,60.915,32.86,1139.0,111137F8,pump_agupta_v1,2021-10-27 12:40:27.000,2021-10-27 12:40:26.000
176,434.0,18.644,a,2020-01-19 23:14:57.800,1234.077,60.6,32.31,1136.0,111137F8,pump_agupta_v1,2021-10-27 12:40:37.000,2021-10-27 12:40:36.000
177,433.0,18.803,a,2020-01-19 23:19:57.810,1230.722,61.177,32.85,1140.0,111137F8,pump_agupta_v1,2021-10-27 12:40:48.000,2021-10-27 12:40:46.000
178,433.0,18.784,a,2020-01-19 23:24:57.650,1235.092,60.942,32.41,1139.0,111137F8,pump_agupta_v1,2021-10-27 12:40:58.000,2021-10-27 12:40:56.000
179,434.0,18.774,a,2020-01-19 23:29:57.930,1224.571,61.18899999999999,32.4,1139.0,111137F8,pump_agupta_v1,2021-10-27 12:41:07.000,2021-10-27 12:41:06.000
180,435.0,18.791,a,2020-01-19 23:34:57.820,1233.003,60.859,32.82,1138.0,111137F8,pump_agupta_v1,2021-10-27 12:41:18.000,2021-10-27 12:41:16.000
181,435.0,18.704,a,2020-01-19 23:39:57.780,1222.845,61.063,32.65,1138.0,111137F8,pump_agupta_v1,2021-10-27 12:41:27.000,2021-10-27 12:41:26.000
182,434.0,18.684,a,2020-01-19 23:44:57.870,1219.9589999999996,61.06399999999999,32.49,1138.0,111137F8,pump_agupta_v1,2021-10-27 12:41:38.000,2021-10-27 12:41:36.000
183,434.0,18.836,a,2020-01-20 00:14:57.820,1226.295,61.082,32.76,1139.0,111137F8,pump_agupta_v1,2021-10-27 12:42:37.000,2021-10-27 12:42:36.000
184,435.0,18.731,a,2020-01-20 00:19:57.950,1232.269,60.71,32.34,1137.0,111137F8,pump_agupta_v1,2021-10-27 12:42:47.000,2021-10-27 12:42:46.000
185,435.0,18.735,a,2020-01-20 00:24:57.800,1238.929,60.784,32.75,1138.0,111137F8,pump_agupta_v1,2021-10-27 12:42:57.000,2021-10-27 12:42:56.000
186,433.0,18.624,a,2020-01-20 00:29:57.910,1226.419,60.78,32.39,1136.0,111137F8,pump_agupta_v1,2021-10-27 12:43:08.000,2021-10-27 12:43:06.000
187,436.0,18.692,a,2020-01-20 00:34:57.870,1241.775,60.75,32.35,1138.0,111137F8,pump_agupta_v1,2021-10-27 12:43:18.000,2021-10-27 12:43:16.000
188,435.0,18.855,a,2020-01-20 00:39:57.910,1237.612,60.915,32.45,1139.0,111137F8,pump_agupta_v1,2021-10-27 12:43:27.000,2021-10-27 12:43:26.000
189,435.0,18.762,a,2020-01-20 00:44:58.020,1236.026,60.72,32.6,1137.0,111137F8,pump_agupta_v1,2021-10-27 12:43:37.000,2021-10-27 12:43:36.000
190,435.0,18.692,a,2020-01-20 00:49:57.960,1229.002,60.82,32.59,1137.0,111137F8,pump_agupta_v1,2021-10-27 12:43:48.000,2021-10-27 12:43:46.000
191,435.0,18.743,a,2020-01-20 00:54:57.770,1232.368,60.74,32.29,1137.0,111137F8,pump_agupta_v1,2021-10-27 12:43:58.000,2021-10-27 12:43:56.000
192,435.0,18.802,a,2020-01-20 00:59:57.800,1229.275,60.813,32.44,1137.0,111137F8,pump_agupta_v1,2021-10-27 12:44:08.000,2021-10-27 12:44:06.000
193,436.0,18.765,a,2020-01-20 01:54:58.140,1231.194,61.033,32.62,1139.0,111137F8,pump_agupta_v1,2021-10-27 12:45:58.000,2021-10-27 12:45:57.000
194,435.0,18.849,a,2020-01-20 01:59:58.130,1226.373,61.014,32.55,1139.0,111137F8,pump_agupta_v1,2021-10-27 12:46:08.000,2021-10-27 12:46:07.000
195,435.0,18.745,a,2020-01-20 02:04:58.380,1231.481,60.762,32.58,1137.0,111137F8,pump_agupta_v1,2021-10-27 12:46:18.000,2021-10-27 12:46:17.000
196,436.0,18.783,a,2020-01-20 02:09:58.300,1229.024,61.085,32.41,1139.0,111137F8,pump_agupta_v1,2021-10-27 12:46:28.000,2021-10-27 12:46:27.000
197,436.0,18.879,a,2020-01-20 02:14:58.170,1236.45,60.776,32.93,1138.0,111137F8,pump_agupta_v1,2021-10-27 12:46:38.000,2021-10-27 12:46:37.000
198,436.0,18.9,a,2020-01-20 02:19:58.510,1227.289,61.025,32.57,1139.0,111137F8,pump_agupta_v1,2021-10-27 12:46:48.000,2021-10-27 12:46:47.000
199,436.0,18.844,a,2020-01-20 02:24:58.550,1235.778,60.793,32.57,1138.0,111137F8,pump_agupta_v1,2021-10-27 12:46:58.000,2021-10-27 12:46:57.000
200,436.0,18.793,a,2020-01-20 02:29:58.710,1226.203,61.018,32.48,1139.0,111137F8,pump_agupta_v1,2021-10-27 12:47:08.000,2021-10-27 12:47:07.000
201,436.0,18.859,a,2020-01-20 02:34:58.440,1227.613,61.017,32.71,1139.0,111137F8,pump_agupta_v1,2021-10-27 12:47:18.000,2021-10-27 12:47:17.000
202,436.0,18.75,a,2020-01-20 02:39:58.430,1229.255,60.914,32.65,1138.0,111137F8,pump_agupta_v1,2021-10-27 12:47:28.000,2021-10-27 12:47:27.000
203,436.0,18.762,a,2020-01-20 03:59:58.480,1232.27,60.841,32.59,1138.0,111137F8,pump_agupta_v1,2021-10-27 12:50:08.000,2021-10-27 12:50:07.000
204,432.0,18.637,a,2020-01-20 04:04:58.810,1231.388,60.235,32.56,1133.0,111137F8,pump_agupta_v1,2021-10-27 12:50:18.000,2021-10-27 12:50:17.000
205,434.0,18.553,a,2020-01-20 04:09:58.840,1225.0410000000004,60.51600000000001,32.33,1134.0,111137F8,pump_agupta_v1,2021-10-27 12:50:28.000,2021-10-27 12:50:27.000
206,434.0,18.714,a,2020-01-20 04:14:58.860,1232.356,60.609,32.65,1136.0,111137F8,pump_agupta_v1,2021-10-27 12:50:38.000,2021-10-27 12:50:37.000
207,434.0,18.624,a,2020-01-20 04:19:58.790,1225.6989999999996,60.50100000000001,32.64,1135.0,111137F8,pump_agupta_v1,2021-10-27 12:50:48.000,2021-10-27 12:50:47.000
208,434.0,18.592,a,2020-01-20 04:24:58.890,1227.153,60.599,32.14,1135.0,111137F8,pump_agupta_v1,2021-10-27 12:50:58.000,2021-10-27 12:50:57.000
209,434.0,18.803,a,2020-01-20 04:29:58.930,1235.814,60.62600000000001,32.43,1137.0,111137F8,pump_agupta_v1,2021-10-27 12:51:08.000,2021-10-27 12:51:07.000
210,433.0,18.72,a,2020-01-20 04:34:59.240,1226.6,60.51300000000001,32.82,1135.0,111137F8,pump_agupta_v1,2021-10-27 12:51:18.000,2021-10-27 12:51:17.000
211,435.0,18.777,a,2020-01-20 04:39:58.910,1231.558,60.75899999999999,32.4,1137.0,111137F8,pump_agupta_v1,2021-10-27 12:51:28.000,2021-10-27 12:51:27.000
212,433.0,18.691,a,2020-01-20 04:44:58.910,1234.015,60.272,32.56,1134.0,111137F8,pump_agupta_v1,2021-10-27 12:51:38.000,2021-10-27 12:51:37.000
213,427.0,18.323,a,2020-01-20 05:39:59.250,1230.319,59.11,32.55,1125.0,111137F8,pump_agupta_v1,2021-10-27 12:53:28.000,2021-10-27 12:53:27.000
214,429.0,18.44,a,2020-01-20 05:44:59.130,1232.723,59.512,32.43,1128.0,111137F8,pump_agupta_v1,2021-10-27 12:53:38.000,2021-10-27 12:53:37.000
215,427.0,18.346,a,2020-01-20 05:49:59.040,1227.564,59.339,32.48,1126.0,111137F8,pump_agupta_v1,2021-10-27 12:53:48.000,2021-10-27 12:53:47.000
216,428.0,18.316,a,2020-01-20 05:55:00.090,1232.894,59.279,32.23,1126.0,111137F8,pump_agupta_v1,2021-10-27 12:53:58.000,2021-10-27 12:53:57.000
217,428.0,18.214,a,2020-01-20 05:59:59.500,1225.0739999999996,59.592,32.05,1127.0,111137F8,pump_agupta_v1,2021-10-27 12:54:09.000,2021-10-27 12:54:07.000
218,426.0,18.276,a,2020-01-20 06:54:59.480,1240.579,58.867,32.54,1124.0,111137F8,pump_agupta_v1,2021-10-27 12:55:59.000,2021-10-27 12:55:58.000
219,427.0,18.215,a,2020-01-20 06:59:59.320,1230.648,59.232,32.42,1125.0,111137F8,pump_agupta_v1,2021-10-27 12:56:09.000,2021-10-27 12:56:08.000
220,426.0,18.202,a,2020-01-20 07:04:59.390,1223.719,59.13399999999999,32.42,1124.0,111137F8,pump_agupta_v1,2021-10-27 12:56:19.000,2021-10-27 12:56:17.000
221,427.0,18.284,a,2020-01-20 07:09:59.360,1231.015,59.225,32.3,1125.0,111137F8,pump_agupta_v1,2021-10-27 12:56:29.000,2021-10-27 12:56:28.000
222,427.0,18.264,a,2020-01-20 07:14:59.520,1235.009,59.19600000000001,32.33,1125.0,111137F8,pump_agupta_v1,2021-10-27 12:56:39.000,2021-10-27 12:56:38.000
223,426.0,18.159,a,2020-01-20 08:09:59.680,1226.8010000000004,58.997,32.24,1123.0,111137F8,pump_agupta_v1,2021-10-27 12:58:29.000,2021-10-27 12:58:28.000
224,425.0,18.132,a,2020-01-20 08:14:59.530,1235.658,58.82,32.08,1123.0,111137F8,pump_agupta_v1,2021-10-27 12:58:39.000,2021-10-27 12:58:38.000
225,426.0,18.236,a,2020-01-20 08:19:59.580,1235.612,59.05,32.39,1124.0,111137F8,pump_agupta_v1,2021-10-27 12:58:49.000,2021-10-27 12:58:48.000
226,426.0,18.319000000000006,a,2020-01-20 08:24:59.700,1238.734,58.87600000000001,32.44,1124.0,111137F8,pump_agupta_v1,2021-10-27 12:59:07.000,2021-10-27 12:59:05.000
227,425.0,18.189,a,2020-01-20 08:29:59.610,1223.773,59.035,32.39,1123.0,111137F8,pump_agupta_v1,2021-10-27 12:59:09.000,2021-10-27 12:59:08.000
228,426.0,18.167,a,2020-01-20 08:34:59.900,1224.603,59.179,32.42,1124.0,111137F8,pump_agupta_v1,2021-10-27 12:59:19.000,2021-10-27 12:59:18.000
229,427.0,18.371,a,2020-01-20 08:39:59.920,1237.059,59.114,32.42,1125.0,111137F8,pump_agupta_v1,2021-10-27 12:59:29.000,2021-10-27 12:59:28.000
230,425.0,18.157,a,2020-01-20 08:44:59.930,1235.01,58.934,32.12,1123.0,111137F8,pump_agupta_v1,2021-10-27 12:59:39.000,2021-10-27 12:59:38.000
231,427.0,18.211,a,2020-01-20 08:49:59.870,1232.261,59.162,32.15,1125.0,111137F8,pump_agupta_v1,2021-10-27 12:59:49.000,2021-10-27 12:59:48.000
232,426.0,18.195,a,2020-01-20 08:54:59.780,1227.935,59.101000000000006,32.09,1124.0,111137F8,pump_agupta_v1,2021-10-27 12:59:59.000,2021-10-27 12:59:58.000
233,425.0,18.205,a,2020-01-20 09:25:00.250,1234.682,58.843,32.17,1123.0,111137F8,pump_agupta_v1,2021-10-27 13:00:59.000,2021-10-27 13:00:58.000
234,426.0,18.217,a,2020-01-20 09:30:00.660,1230.889,59.06399999999999,32.3,1124.0,111137F8,pump_agupta_v1,2021-10-27 13:01:09.000,2021-10-27 13:01:08.000
235,425.0,18.181,a,2020-01-20 09:35:00.140,1234.235,58.854,32.13,1123.0,111137F8,pump_agupta_v1,2021-10-27 13:01:19.000,2021-10-27 13:01:18.000
236,426.0,18.228,a,2020-01-20 09:40:00.110,1232.031,59.069,32.17,1124.0,111137F8,pump_agupta_v1,2021-10-27 13:01:29.000,2021-10-27 13:01:28.000
237,425.0,18.144,a,2020-01-20 09:45:00.250,1235.083,58.899,32.17,1123.0,111137F8,pump_agupta_v1,2021-10-27 13:01:39.000,2021-10-27 13:01:38.000
238,427.0,18.242,a,2020-01-20 10:40:00.360,1229.61,59.225,32.13,1125.0,111137F8,pump_agupta_v1,2021-10-27 13:03:29.000,2021-10-27 13:03:28.000
239,426.0,18.23,a,2020-01-20 10:45:00.400,1233.476,59.003,32.31,1124.0,111137F8,pump_agupta_v1,2021-10-27 13:03:40.000,2021-10-27 13:03:38.000
240,428.0,18.382,a,2020-01-20 10:50:06.030,1232.739,59.413,32.59,1127.0,111137F8,pump_agupta_v1,2021-10-27 13:03:50.000,2021-10-27 13:03:48.000
241,426.0,18.232,a,2020-01-20 10:55:00.490,1233.188,59.042,32.07,1124.0,111137F8,pump_agupta_v1,2021-10-27 13:03:59.000,2021-10-27 13:03:58.000
242,425.0,18.144,a,2020-01-20 11:00:00.500,1236.898,58.791,32.15,1122.0,111137F8,pump_agupta_v1,2021-10-27 13:04:10.000,2021-10-27 13:04:08.000
243,434.0,18.727,a,2020-01-20 11:30:00.310,1233.98,60.57100000000001,32.84,1136.0,111137F8,pump_agupta_v1,2021-10-27 13:05:10.000,2021-10-27 13:05:08.000
244,435.0,18.75,a,2020-01-20 11:35:00.700,1234.183,60.698,32.58,1137.0,111137F8,pump_agupta_v1,2021-10-27 13:05:20.000,2021-10-27 13:05:18.000
245,434.0,18.639,a,2020-01-20 11:40:00.460,1231.207,60.504,32.94,1135.0,111137F8,pump_agupta_v1,2021-10-27 13:05:30.000,2021-10-27 13:05:28.000
246,435.0,18.732,a,2020-01-20 11:45:00.410,1230.078,60.795,32.39,1137.0,111137F8,pump_agupta_v1,2021-10-27 13:05:40.000,2021-10-27 13:05:38.000
247,434.0,18.689,a,2020-01-20 11:50:00.640,1226.89,60.67100000000001,32.19,1136.0,111137F8,pump_agupta_v1,2021-10-27 13:05:50.000,2021-10-27 13:05:48.000
248,434.0,18.729,a,2020-01-20 12:45:00.860,1235.677,60.53100000000001,32.55,1136.0,111137F8,pump_agupta_v1,2021-10-27 13:07:40.000,2021-10-27 13:07:38.000
249,433.0,18.657,a,2020-01-20 12:50:00.940,1233.91,60.308,32.36,1134.0,111137F8,pump_agupta_v1,2021-10-27 13:07:50.000,2021-10-27 13:07:49.000
250,434.0,18.747,a,2020-01-20 12:55:00.790,1236.545,60.377,32.86,1135.0,111137F8,pump_agupta_v1,2021-10-27 13:08:00.000,2021-10-27 13:07:59.000
251,434.0,18.66,a,2020-01-20 13:00:00.640,1226.432,60.55,32.54,1135.0,111137F8,pump_agupta_v1,2021-10-27 13:08:10.000,2021-10-27 13:08:09.000
252,434.0,18.683,a,2020-01-20 13:05:01.040,1233.4589999999996,60.583,32.28,1136.0,111137F8,pump_agupta_v1,2021-10-27 13:08:20.000,2021-10-27 13:08:19.000
253,434.0,18.683,a,2020-01-20 13:35:00.770,1228.871,60.691,32.47,1136.0,111137F8,pump_agupta_v1,2021-10-27 13:09:20.000,2021-10-27 13:09:19.000
254,434.0,18.637,a,2020-01-20 13:40:01.100,1233.073,60.525,32.53,1135.0,111137F8,pump_agupta_v1,2021-10-27 13:09:30.000,2021-10-27 13:09:29.000
255,434.0,18.772,a,2020-01-20 13:45:00.940,1226.004,60.791,32.55,1137.0,111137F8,pump_agupta_v1,2021-10-27 13:09:40.000,2021-10-27 13:09:39.000
256,433.0,18.637,a,2020-01-20 13:50:01.140,1234.101,60.6,32.46,1136.0,111137F8,pump_agupta_v1,2021-10-27 13:09:50.000,2021-10-27 13:09:49.000
257,434.0,18.763,a,2020-01-20 13:55:00.920,1232.433,60.739,32.28,1137.0,111137F8,pump_agupta_v1,2021-10-27 13:10:00.000,2021-10-27 13:09:59.000
258,436.0,18.896,a,2020-01-20 20:20:02.700,1234.371,60.959,32.92,1139.0,111137F8,pump_agupta_v1,2021-10-27 13:22:51.000,2021-10-27 13:22:50.000
259,436.0,18.762,a,2020-01-20 20:25:02.760,1225.934,60.892,32.58,1138.0,111137F8,pump_agupta_v1,2021-10-27 13:23:01.000,2021-10-27 13:23:00.000
260,436.0,18.741,a,2020-01-20 20:30:02.560,1224.807,60.951,32.39,1138.0,111137F8,pump_agupta_v1,2021-10-27 13:23:11.000,2021-10-27 13:23:10.000
261,435.0,18.699,a,2020-01-20 20:35:02.840,1231.503,60.827,32.59,1137.0,111137F8,pump_agupta_v1,2021-10-27 13:23:21.000,2021-10-27 13:23:20.000
262,436.0,18.867,a,2020-01-20 20:40:02.760,1227.615,61.216,32.54,1140.0,111137F8,pump_agupta_v1,2021-10-27 13:23:31.000,2021-10-27 13:23:30.000
263,435.0,18.734,a,2020-01-20 21:35:02.900,1230.14,60.794,32.64,1137.0,111137F8,pump_agupta_v1,2021-10-27 13:25:21.000,2021-10-27 13:25:20.000
264,434.0,18.661,a,2020-01-20 21:40:02.860,1233.057,60.46,32.12,1135.0,111137F8,pump_agupta_v1,2021-10-27 13:25:31.000,2021-10-27 13:25:30.000
265,435.0,18.821,a,2020-01-20 21:45:02.800,1238.771,60.789,32.57,1138.0,111137F8,pump_agupta_v1,2021-10-27 13:25:41.000,2021-10-27 13:25:40.000
266,434.0,18.64,a,2020-01-20 21:50:03.170,1227.899,60.713,32.32,1136.0,111137F8,pump_agupta_v1,2021-10-27 13:25:51.000,2021-10-27 13:25:50.000
267,435.0,18.816,a,2020-01-20 21:55:02.970,1234.042,60.834,32.58,1138.0,111137F8,pump_agupta_v1,2021-10-27 13:26:01.000,2021-10-27 13:26:00.000
268,434.0,18.794,a,2020-01-20 23:40:03.250,1234.954,60.68,32.39,1137.0,111137F8,pump_agupta_v1,2021-10-27 13:29:32.000,2021-10-27 13:29:30.000
269,436.0,18.854,a,2020-01-20 23:45:03.420,1234.508,60.855,32.59,1138.0,111137F8,pump_agupta_v1,2021-10-27 13:29:42.000,2021-10-27 13:29:40.000
270,436.0,18.709,a,2020-01-20 23:50:03.290,1227.292,60.992,32.52,1138.0,111137F8,pump_agupta_v1,2021-10-27 13:29:52.000,2021-10-27 13:29:50.000
271,435.0,18.738,a,2020-01-20 23:55:03.240,1232.658,60.733,32.59,1137.0,111137F8,pump_agupta_v1,2021-10-27 13:30:02.000,2021-10-27 13:30:00.000
272,434.0,18.666,a,2020-01-21 00:00:03.290,1230.602,60.518,32.64,1135.0,111137F8,pump_agupta_v1,2021-10-27 13:30:12.000,2021-10-27 13:30:11.000
273,429.0,18.404,a,2020-01-21 01:45:04.030,1235.027,59.721,32.3,1129.0,111137F8,pump_agupta_v1,2021-10-27 13:33:42.000,2021-10-27 13:33:41.000
274,428.0,18.286,a,2020-01-21 01:50:03.850,1229.46,59.49100000000001,32.27,1127.0,111137F8,pump_agupta_v1,2021-10-27 13:33:52.000,2021-10-27 13:33:51.000
275,429.0,18.411,a,2020-01-21 01:55:03.760,1237.89,59.555,32.24,1128.0,111137F8,pump_agupta_v1,2021-10-27 13:34:03.000,2021-10-27 13:34:01.000
276,427.0,18.353,a,2020-01-21 02:00:03.860,1235.604,59.215,32.23,1126.0,111137F8,pump_agupta_v1,2021-10-27 13:34:13.000,2021-10-27 13:34:11.000
277,428.0,18.329,a,2020-01-21 02:05:03.750,1227.11,59.514,32.06,1127.0,111137F8,pump_agupta_v1,2021-10-27 13:34:22.000,2021-10-27 13:34:21.000
278,430.0,18.41,a,2020-01-21 03:25:04.390,1239.066,59.823,32.29,1130.0,111137F8,pump_agupta_v1,2021-10-27 13:37:02.000,2021-10-27 13:37:01.000
279,435.0,18.791,a,2020-01-21 03:30:04.190,1228.955,60.721,32.23,1137.0,111137F8,pump_agupta_v1,2021-10-27 13:37:12.000,2021-10-27 13:37:11.000
280,433.0,18.669,a,2020-01-21 03:35:04.110,1229.41,60.447,32.64,1134.0,111137F8,pump_agupta_v1,2021-10-27 13:37:23.000,2021-10-27 13:37:21.000
281,432.0,18.575,a,2020-01-21 03:40:04.240,1232.241,60.084,32.47,1132.0,111137F8,pump_agupta_v1,2021-10-27 13:37:32.000,2021-10-27 13:37:31.000
282,433.0,18.633,a,2020-01-21 03:45:04.250,1232.442,60.441,32.33,1135.0,111137F8,pump_agupta_v1,2021-10-27 13:37:42.000,2021-10-27 13:37:41.000
283,426.0,18.31,a,2020-01-21 05:30:04.840,1234.888,59.1,32.38,1124.0,111137F8,pump_agupta_v1,2021-10-27 13:41:13.000,2021-10-27 13:41:12.000
284,428.0,18.459,a,2020-01-21 05:35:04.690,1238.874,59.36600000000001,32.52,1128.0,111137F8,pump_agupta_v1,2021-10-27 13:41:23.000,2021-10-27 13:41:22.000
285,427.0,18.361,a,2020-01-21 05:40:04.820,1230.985,59.323,32.15,1126.0,111137F8,pump_agupta_v1,2021-10-27 13:41:33.000,2021-10-27 13:41:32.000
286,427.0,18.267,a,2020-01-21 05:45:04.720,1231.51,59.181,32.47,1125.0,111137F8,pump_agupta_v1,2021-10-27 13:41:43.000,2021-10-27 13:41:42.000
287,427.0,18.35,a,2020-01-21 05:50:04.800,1240.744,58.994,32.38,1125.0,111137F8,pump_agupta_v1,2021-10-27 13:41:53.000,2021-10-27 13:41:52.000
288,427.0,18.244,a,2020-01-20 06:04:59.220,1224.897,59.271,32.13,1125.0,111137F8,pump_agupta_v1,2021-10-27 12:54:19.000,2021-10-27 12:54:17.000
289,427.0,18.345,a,2020-01-20 06:09:59.140,1231.2089999999996,59.31800000000001,32.15,1126.0,111137F8,pump_agupta_v1,2021-10-27 12:54:29.000,2021-10-27 12:54:27.000
290,428.0,18.302,a,2020-01-20 06:14:59.330,1222.565,59.554,32.48,1127.0,111137F8,pump_agupta_v1,2021-10-27 12:54:39.000,2021-10-27 12:54:37.000
291,426.0,18.155,a,2020-01-20 06:19:59.280,1223.43,59.207,32.04,1124.0,111137F8,pump_agupta_v1,2021-10-27 12:54:49.000,2021-10-27 12:54:47.000
292,425.0,18.263,a,2020-01-20 06:24:59.370,1230.909,58.933,32.18,1123.0,111137F8,pump_agupta_v1,2021-10-27 12:54:59.000,2021-10-27 12:54:57.000
293,435.0,18.822,a,2020-01-19 17:34:56.210,1229.692,61.168,32.54,1140.0,111137F8,pump_agupta_v1,2021-10-27 12:29:16.000,2021-10-27 12:29:15.000
294,435.0,19.058,a,2020-01-19 17:39:56.360,1237.382,61.31800000000001,32.79,1142.0,111137F8,pump_agupta_v1,2021-10-27 12:29:26.000,2021-10-27 12:29:25.000
295,435.0,18.746,a,2020-01-19 17:44:55.960,1232.633,61.0,32.6,1139.0,111137F8,pump_agupta_v1,2021-10-27 12:29:36.000,2021-10-27 12:29:35.000
296,435.0,18.932,a,2020-01-19 17:49:56.330,1230.795,61.308,32.6,1141.0,111137F8,pump_agupta_v1,2021-10-27 12:29:46.000,2021-10-27 12:29:45.000
297,435.0,18.987,a,2020-01-19 17:54:58.820,1233.502,61.51,32.79,1143.0,111137F8,pump_agupta_v1,2021-10-27 12:29:56.000,2021-10-27 12:29:55.000
298,431.0,18.884,a,2020-01-19 22:09:57.170,1234.14,61.097,32.66,1140.0,111137F8,pump_agupta_v1,2021-10-27 12:38:27.000,2021-10-27 12:38:26.000
299,434.0,18.878,a,2020-01-19 22:14:57.180,1233.75,61.007,33.0,1139.0,111137F8,pump_agupta_v1,2021-10-27 12:38:37.000,2021-10-27 12:38:36.000
300,433.0,18.871,a,2020-01-19 22:19:57.380,1238.06,60.971,32.83,1139.0,111137F8,pump_agupta_v1,2021-10-27 12:38:47.000,2021-10-27 12:38:46.000
301,434.0,18.877,a,2020-01-19 22:24:57.380,1231.314,61.163,32.33,1140.0,111137F8,pump_agupta_v1,2021-10-27 12:38:57.000,2021-10-27 12:38:56.000
302,435.0,18.707,a,2020-01-19 22:29:57.360,1228.564,60.962,32.29,1138.0,111137F8,pump_agupta_v1,2021-10-27 12:39:08.000,2021-10-27 12:39:06.000
303,434.0,18.664,a,2020-01-20 01:04:58.020,1225.243,60.71,32.6,1136.0,111137F8,pump_agupta_v1,2021-10-27 12:44:18.000,2021-10-27 12:44:17.000
304,435.0,18.707,a,2020-01-20 01:09:57.960,1225.875,60.893,32.21,1137.0,111137F8,pump_agupta_v1,2021-10-27 12:44:28.000,2021-10-27 12:44:26.000
305,434.0,18.62,a,2020-01-20 01:14:58.010,1226.1660000000004,60.754,32.54,1136.0,111137F8,pump_agupta_v1,2021-10-27 12:44:38.000,2021-10-27 12:44:36.000
306,434.0,18.646,a,2020-01-20 01:19:57.960,1222.624,60.771,32.59,1136.0,111137F8,pump_agupta_v1,2021-10-27 12:44:48.000,2021-10-27 12:44:46.000
307,436.0,18.773,a,2020-01-20 01:24:57.880,1234.363,60.826,32.63,1138.0,111137F8,pump_agupta_v1,2021-10-27 12:44:58.000,2021-10-27 12:44:56.000
308,436.0,18.774,a,2020-01-20 03:09:59.120,1229.731,60.93600000000001,32.39,1138.0,111137F8,pump_agupta_v1,2021-10-27 12:48:28.000,2021-10-27 12:48:27.000
309,435.0,18.808,a,2020-01-20 03:15:05.380,1229.414,60.809,32.43,1137.0,111137F8,pump_agupta_v1,2021-10-27 12:48:38.000,2021-10-27 12:48:37.000
310,434.0,18.726,a,2020-01-20 03:19:58.490,1225.148,60.745,32.25,1136.0,111137F8,pump_agupta_v1,2021-10-27 12:48:48.000,2021-10-27 12:48:47.000
311,435.0,18.817,a,2020-01-20 03:24:58.400,1241.808,60.716,32.87,1137.0,111137F8,pump_agupta_v1,2021-10-27 12:48:58.000,2021-10-27 12:48:57.000
312,434.0,18.847,a,2020-01-20 03:29:58.700,1238.118,60.472,32.92,1136.0,111137F8,pump_agupta_v1,2021-10-27 12:49:08.000,2021-10-27 12:49:07.000
313,427.0,18.208,a,2020-01-20 05:14:58.870,1234.244,59.312,32.19,1126.0,111137F8,pump_agupta_v1,2021-10-27 12:52:38.000,2021-10-27 12:52:37.000
314,427.0,18.209,a,2020-01-20 05:19:58.770,1220.737,59.433,32.16,1126.0,111137F8,pump_agupta_v1,2021-10-27 12:52:48.000,2021-10-27 12:52:47.000
315,427.0,18.233,a,2020-01-20 05:24:59.180,1227.317,59.279,31.97,1125.0,111137F8,pump_agupta_v1,2021-10-27 12:52:58.000,2021-10-27 12:52:57.000
316,432.0,18.573,a,2020-01-20 05:29:59.220,1238.327,60.17,32.8,1133.0,111137F8,pump_agupta_v1,2021-10-27 12:53:08.000,2021-10-27 12:53:07.000
317,429.0,18.456,a,2020-01-20 05:34:59.240,1233.713,59.654,32.44,1129.0,111137F8,pump_agupta_v1,2021-10-27 12:53:18.000,2021-10-27 12:53:17.000
318,428.0,18.314,a,2020-01-20 07:44:59.750,1221.543,59.381,32.1,1126.0,111137F8,pump_agupta_v1,2021-10-27 12:57:39.000,2021-10-27 12:57:38.000
319,427.0,18.254,a,2020-01-20 07:49:59.720,1229.969,59.151,31.94,1125.0,111137F8,pump_agupta_v1,2021-10-27 12:57:49.000,2021-10-27 12:57:48.000
320,428.0,18.343,a,2020-01-20 07:54:59.710,1227.224,59.511,32.11,1127.0,111137F8,pump_agupta_v1,2021-10-27 12:57:59.000,2021-10-27 12:57:58.000
321,427.0,18.283,a,2020-01-20 07:59:59.580,1224.668,59.407,32.35,1126.0,111137F8,pump_agupta_v1,2021-10-27 12:58:09.000,2021-10-27 12:58:08.000
322,426.0,18.216,a,2020-01-20 08:04:59.550,1229.37,59.099,32.37,1124.0,111137F8,pump_agupta_v1,2021-10-27 12:58:19.000,2021-10-27 12:58:18.000
323,426.0,18.189,a,2020-01-20 09:50:00.080,1232.013,59.038,32.35,1124.0,111137F8,pump_agupta_v1,2021-10-27 13:01:49.000,2021-10-27 13:01:48.000
324,425.0,18.169,a,2020-01-20 09:55:00.240,1233.3239999999996,58.908,32.19,1123.0,111137F8,pump_agupta_v1,2021-10-27 13:01:59.000,2021-10-27 13:01:58.000
325,426.0,18.25,a,2020-01-20 10:00:00.270,1238.3,58.95399999999999,31.97,1124.0,111137F8,pump_agupta_v1,2021-10-27 13:02:09.000,2021-10-27 13:02:08.000
326,427.0,18.354,a,2020-01-20 10:05:00.110,1229.381,59.362,32.21,1126.0,111137F8,pump_agupta_v1,2021-10-27 13:02:20.000,2021-10-27 13:02:18.000
327,427.0,18.304,a,2020-01-20 10:10:00.200,1235.455,59.218,32.08,1125.0,111137F8,pump_agupta_v1,2021-10-27 13:02:29.000,2021-10-27 13:02:28.000
328,436.0,18.853,a,2020-01-20 11:55:00.610,1228.78,60.857,32.62,1138.0,111137F8,pump_agupta_v1,2021-10-27 13:06:00.000,2021-10-27 13:05:59.000
329,434.0,18.685,a,2020-01-20 12:00:00.540,1233.986,60.505,32.33,1135.0,111137F8,pump_agupta_v1,2021-10-27 13:06:10.000,2021-10-27 13:06:08.000
330,434.0,18.737,a,2020-01-20 12:05:00.610,1236.162,60.519,32.5,1136.0,111137F8,pump_agupta_v1,2021-10-27 13:06:20.000,2021-10-27 13:06:18.000
331,434.0,18.762,a,2020-01-20 12:10:00.800,1239.032,60.583,32.62,1136.0,111137F8,pump_agupta_v1,2021-10-27 13:06:30.000,2021-10-27 13:06:28.000
332,434.0,18.661,a,2020-01-20 12:15:00.700,1229.67,60.538,32.55,1135.0,111137F8,pump_agupta_v1,2021-10-27 13:06:40.000,2021-10-27 13:06:38.000
333,430.0,18.376,a,2020-01-21 04:15:06.570,1225.542,59.845,32.43,1130.0,111137F8,pump_agupta_v1,2021-10-27 13:38:43.000,2021-10-27 13:38:41.000
334,429.0,18.43,a,2020-01-21 04:20:04.550,1224.987,59.858,32.32,1129.0,111137F8,pump_agupta_v1,2021-10-27 13:38:53.000,2021-10-27 13:38:51.000
335,427.0,18.296,a,2020-01-21 04:25:04.620,1229.527,59.358,32.26,1126.0,111137F8,pump_agupta_v1,2021-10-27 13:39:03.000,2021-10-27 13:39:01.000
336,428.0,18.361,a,2020-01-21 04:30:04.420,1220.544,59.602,32.34,1127.0,111137F8,pump_agupta_v1,2021-10-27 13:39:13.000,2021-10-27 13:39:11.000
337,429.0,18.345,a,2020-01-21 04:35:04.540,1236.289,59.46100000000001,32.03,1128.0,111137F8,pump_agupta_v1,2021-10-27 13:39:23.000,2021-10-27 13:39:21.000
338,433.0,18.865,a,2020-01-19 17:09:56.040,1233.192,61.252,32.55,1141.0,111137F8,pump_agupta_v1,2021-10-27 12:28:26.000,2021-10-27 12:28:25.000
339,433.0,18.885,a,2020-01-19 17:14:56.090,1229.547,61.47,32.59,1142.0,111137F8,pump_agupta_v1,2021-10-27 12:28:36.000,2021-10-27 12:28:35.000
340,435.0,18.972,a,2020-01-19 17:19:56.340,1232.591,61.233,32.79,1141.0,111137F8,pump_agupta_v1,2021-10-27 12:28:46.000,2021-10-27 12:28:45.000
341,433.0,18.97,a,2020-01-19 17:24:56.040,1233.808,61.337,32.89,1142.0,111137F8,pump_agupta_v1,2021-10-27 12:28:56.000,2021-10-27 12:28:55.000
342,435.0,18.94,a,2020-01-19 17:29:56.160,1232.109,61.377,32.82,1142.0,111137F8,pump_agupta_v1,2021-10-27 12:29:06.000,2021-10-27 12:29:05.000
343,433.0,18.825,a,2020-01-19 20:04:56.850,1229.464,61.074,32.39,1139.0,111137F8,pump_agupta_v1,2021-10-27 12:34:17.000,2021-10-27 12:34:16.000
344,434.0,19.006,a,2020-01-19 20:09:56.830,1230.2,61.42100000000001,32.61,1142.0,111137F8,pump_agupta_v1,2021-10-27 12:34:27.000,2021-10-27 12:34:26.000
345,433.0,18.845,a,2020-01-19 20:14:56.830,1224.5839999999996,61.32100000000001,32.61,1140.0,111137F8,pump_agupta_v1,2021-10-27 12:34:37.000,2021-10-27 12:34:36.000
346,434.0,18.884,a,2020-01-19 20:19:56.920,1228.611,61.424,32.75,1141.0,111137F8,pump_agupta_v1,2021-10-27 12:34:47.000,2021-10-27 12:34:46.000
347,433.0,18.966,a,2020-01-19 20:24:56.760,1241.126,61.164,32.64,1141.0,111137F8,pump_agupta_v1,2021-10-27 12:34:57.000,2021-10-27 12:34:56.000
348,433.0,18.967,a,2020-01-19 20:54:56.840,1235.964,61.187,33.14,1141.0,111137F8,pump_agupta_v1,2021-10-27 12:35:57.000,2021-10-27 12:35:56.000
349,433.0,19.001,a,2020-01-19 20:59:56.870,1235.653,61.326,32.99,1142.0,111137F8,pump_agupta_v1,2021-10-27 12:36:07.000,2021-10-27 12:36:06.000
350,433.0,18.882,a,2020-01-19 21:04:56.900,1222.534,61.236,32.57,1140.0,111137F8,pump_agupta_v1,2021-10-27 12:36:17.000,2021-10-27 12:36:16.000
351,433.0,18.883,a,2020-01-19 21:09:57.080,1232.276,61.207,32.32,1140.0,111137F8,pump_agupta_v1,2021-10-27 12:36:27.000,2021-10-27 12:36:26.000
352,433.0,18.923,a,2020-01-19 21:14:57.130,1234.246,61.194,32.99,1141.0,111137F8,pump_agupta_v1,2021-10-27 12:36:37.000,2021-10-27 12:36:36.000
353,435.0,18.799,a,2020-01-19 22:34:57.460,1219.453,61.374,32.72,1141.0,111137F8,pump_agupta_v1,2021-10-27 12:39:17.000,2021-10-27 12:39:16.000
354,435.0,19.033,a,2020-01-19 22:39:57.430,1236.269,61.179,33.17,1141.0,111137F8,pump_agupta_v1,2021-10-27 12:39:27.000,2021-10-27 12:39:26.000
355,434.0,18.915,a,2020-01-19 22:44:57.540,1237.613,61.114,32.7,1140.0,111137F8,pump_agupta_v1,2021-10-27 12:39:38.000,2021-10-27 12:39:36.000
356,433.0,18.849,a,2020-01-19 22:49:57.910,1231.124,61.2,32.55,1140.0,111137F8,pump_agupta_v1,2021-10-27 12:39:47.000,2021-10-27 12:39:46.000
357,435.0,18.915,a,2020-01-19 22:54:57.620,1234.889,61.07899999999999,33.02,1140.0,111137F8,pump_agupta_v1,2021-10-27 12:39:57.000,2021-10-27 12:39:56.000
358,434.0,18.862,a,2020-01-19 23:49:57.930,1229.556,61.072,32.25,1139.0,111137F8,pump_agupta_v1,2021-10-27 12:41:47.000,2021-10-27 12:41:46.000
359,434.0,18.97,a,2020-01-19 23:54:57.910,1228.812,61.12300000000001,32.92,1140.0,111137F8,pump_agupta_v1,2021-10-27 12:41:57.000,2021-10-27 12:41:56.000
360,434.0,18.758,a,2020-01-19 23:59:57.750,1232.015,60.782,32.51,1137.0,111137F8,pump_agupta_v1,2021-10-27 12:42:07.000,2021-10-27 12:42:06.000
361,435.0,18.77,a,2020-01-20 00:04:58.000,1234.348,60.694,32.39,1137.0,111137F8,pump_agupta_v1,2021-10-27 12:42:17.000,2021-10-27 12:42:16.000
362,433.0,18.672,a,2020-01-20 00:09:58.130,1237.935,60.44300000000001,32.63,1135.0,111137F8,pump_agupta_v1,2021-10-27 12:42:27.000,2021-10-27 12:42:26.000
363,436.0,18.768,a,2020-01-20 01:29:58.130,1223.029,60.927,32.26,1138.0,111137F8,pump_agupta_v1,2021-10-27 12:45:08.000,2021-10-27 12:45:06.000
364,435.0,18.77,a,2020-01-20 01:34:58.040,1235.385,60.769,32.5,1137.0,111137F8,pump_agupta_v1,2021-10-27 12:45:18.000,2021-10-27 12:45:16.000
365,436.0,18.815,a,2020-01-20 01:39:58.310,1235.126,60.874,32.62,1138.0,111137F8,pump_agupta_v1,2021-10-27 12:45:28.000,2021-10-27 12:45:27.000
366,435.0,18.734,a,2020-01-20 01:44:58.410,1228.827,60.824,32.45,1137.0,111137F8,pump_agupta_v1,2021-10-27 12:45:37.000,2021-10-27 12:45:36.000
367,434.0,18.62,a,2020-01-20 01:49:57.980,1227.128,60.632,32.51,1135.0,111137F8,pump_agupta_v1,2021-10-27 12:45:48.000,2021-10-27 12:45:46.000
368,434.0,18.809,a,2020-01-20 02:44:58.410,1234.742,60.85,32.7,1138.0,111137F8,pump_agupta_v1,2021-10-27 12:47:38.000,2021-10-27 12:47:37.000
369,434.0,18.729,a,2020-01-20 02:49:58.630,1230.5510000000004,60.651,32.55,1136.0,111137F8,pump_agupta_v1,2021-10-27 12:47:48.000,2021-10-27 12:47:47.000
370,436.0,18.837,a,2020-01-20 02:54:58.490,1231.297,61.03100000000001,32.54,1139.0,111137F8,pump_agupta_v1,2021-10-27 12:47:58.000,2021-10-27 12:47:57.000
371,436.0,18.787,a,2020-01-20 02:59:58.340,1238.91,60.81800000000001,32.35,1138.0,111137F8,pump_agupta_v1,2021-10-27 12:48:08.000,2021-10-27 12:48:07.000
372,436.0,18.867,a,2020-01-20 03:04:58.320,1236.799,60.835,32.45,1138.0,111137F8,pump_agupta_v1,2021-10-27 12:48:18.000,2021-10-27 12:48:17.000
373,434.0,18.641,a,2020-01-20 03:34:58.430,1227.404,60.593,32.61,1135.0,111137F8,pump_agupta_v1,2021-10-27 12:49:18.000,2021-10-27 12:49:17.000
374,432.0,18.534,a,2020-01-20 03:39:58.420,1226.028,60.131,32.27,1132.0,111137F8,pump_agupta_v1,2021-10-27 12:49:28.000,2021-10-27 12:49:27.000
375,434.0,18.601,a,2020-01-20 03:44:58.620,1224.299,60.567,32.2,1135.0,111137F8,pump_agupta_v1,2021-10-27 12:49:38.000,2021-10-27 12:49:37.000
376,432.0,18.57,a,2020-01-20 03:49:58.700,1234.344,60.264,32.38,1133.0,111137F8,pump_agupta_v1,2021-10-27 12:49:48.000,2021-10-27 12:49:47.000
377,434.0,18.684,a,2020-01-20 03:54:58.490,1224.795,60.555,32.46,1135.0,111137F8,pump_agupta_v1,2021-10-27 12:49:58.000,2021-10-27 12:49:57.000
378,433.0,18.608,a,2020-01-20 04:49:58.950,1232.479,60.308,32.36,1134.0,111137F8,pump_agupta_v1,2021-10-27 12:51:48.000,2021-10-27 12:51:47.000
379,434.0,18.606,a,2020-01-20 04:54:58.950,1230.861,60.611,32.52,1135.0,111137F8,pump_agupta_v1,2021-10-27 12:51:58.000,2021-10-27 12:51:57.000
380,432.0,18.605,a,2020-01-20 05:00:01.850,1226.591,60.282,32.43,1133.0,111137F8,pump_agupta_v1,2021-10-27 12:52:08.000,2021-10-27 12:52:07.000
381,433.0,18.601,a,2020-01-20 05:04:58.890,1227.868,60.45,32.54,1134.0,111137F8,pump_agupta_v1,2021-10-27 12:52:18.000,2021-10-27 12:52:17.000
382,429.0,18.3,a,2020-01-20 05:09:58.810,1223.015,59.675,32.03,1128.0,111137F8,pump_agupta_v1,2021-10-27 12:52:28.000,2021-10-27 12:52:27.000
383,424.0,18.023,a,2020-01-20 06:29:59.290,1223.895,58.837,32.08,1121.0,111137F8,pump_agupta_v1,2021-10-27 12:55:09.000,2021-10-27 12:55:07.000
384,427.0,18.189,a,2020-01-20 06:34:59.220,1230.989,59.291,32.04,1125.0,111137F8,pump_agupta_v1,2021-10-27 12:55:19.000,2021-10-27 12:55:17.000
385,425.0,18.123,a,2020-01-20 06:39:59.360,1237.386,58.844,32.13,1123.0,111137F8,pump_agupta_v1,2021-10-27 12:55:29.000,2021-10-27 12:55:27.000
386,425.0,18.213,a,2020-01-20 06:44:59.180,1239.315,58.799,32.27,1123.0,111137F8,pump_agupta_v1,2021-10-27 12:55:39.000,2021-10-27 12:55:38.000
387,425.0,18.04,a,2020-01-20 06:49:59.490,1231.73,58.879,32.04,1122.0,111137F8,pump_agupta_v1,2021-10-27 12:55:49.000,2021-10-27 12:55:48.000
388,429.0,18.317,a,2020-01-20 07:19:59.500,1232.065,59.627,32.12,1128.0,111137F8,pump_agupta_v1,2021-10-27 12:56:49.000,2021-10-27 12:56:48.000
389,427.0,18.334,a,2020-01-20 07:24:59.400,1241.365,59.274,32.1,1127.0,111137F8,pump_agupta_v1,2021-10-27 12:56:59.000,2021-10-27 12:56:58.000
390,426.0,18.181,a,2020-01-20 07:29:59.540,1232.173,59.066,32.05,1124.0,111137F8,pump_agupta_v1,2021-10-27 12:57:09.000,2021-10-27 12:57:08.000
391,427.0,18.184,a,2020-01-20 07:34:59.660,1229.976,59.151,32.03,1125.0,111137F8,pump_agupta_v1,2021-10-27 12:57:19.000,2021-10-27 12:57:18.000
392,425.0,18.175,a,2020-01-20 07:39:59.620,1237.087,58.787,32.13,1122.0,111137F8,pump_agupta_v1,2021-10-27 12:57:29.000,2021-10-27 12:57:28.000
393,425.0,18.101,a,2020-01-20 08:59:59.780,1227.312,58.92,32.14,1122.0,111137F8,pump_agupta_v1,2021-10-27 13:00:09.000,2021-10-27 13:00:08.000
394,425.0,18.15,a,2020-01-20 09:04:59.870,1228.038,58.968,31.99,1123.0,111137F8,pump_agupta_v1,2021-10-27 13:00:19.000,2021-10-27 13:00:18.000
395,426.0,18.166,a,2020-01-20 09:09:59.790,1227.912,59.13399999999999,32.13,1124.0,111137F8,pump_agupta_v1,2021-10-27 13:00:29.000,2021-10-27 13:00:28.000
396,425.0,18.124,a,2020-01-20 09:14:59.800,1232.65,58.761,32.06,1122.0,111137F8,pump_agupta_v1,2021-10-27 13:00:39.000,2021-10-27 13:00:38.000
397,425.0,18.048,a,2020-01-20 09:19:59.730,1231.997,58.809,31.92,1122.0,111137F8,pump_agupta_v1,2021-10-27 13:00:49.000,2021-10-27 13:00:48.000
398,427.0,18.341,a,2020-01-20 10:15:00.030,1237.668,59.1,32.17,1125.0,111137F8,pump_agupta_v1,2021-10-27 13:02:39.000,2021-10-27 13:02:38.000
399,425.0,18.248,a,2020-01-20 10:20:00.090,1231.192,58.925,32.41,1123.0,111137F8,pump_agupta_v1,2021-10-27 13:02:49.000,2021-10-27 13:02:48.000
400,427.0,18.27,a,2020-01-20 10:25:00.320,1234.528,59.109,32.16,1125.0,111137F8,pump_agupta_v1,2021-10-27 13:02:59.000,2021-10-27 13:02:58.000
401,428.0,18.341,a,2020-01-20 10:30:00.200,1233.776,59.422,32.25,1127.0,111137F8,pump_agupta_v1,2021-10-27 13:03:10.000,2021-10-27 13:03:08.000
402,427.0,18.306,a,2020-01-20 10:35:00.240,1232.631,59.285,32.21,1126.0,111137F8,pump_agupta_v1,2021-10-27 13:03:20.000,2021-10-27 13:03:18.000
403,428.0,18.354,a,2020-01-20 11:05:00.490,1227.815,59.464,32.19,1127.0,111137F8,pump_agupta_v1,2021-10-27 13:04:20.000,2021-10-27 13:04:18.000
404,428.0,18.335,a,2020-01-20 11:10:00.380,1230.82,59.459,31.89,1127.0,111137F8,pump_agupta_v1,2021-10-27 13:04:30.000,2021-10-27 13:04:28.000
405,430.0,18.376,a,2020-01-20 11:15:00.510,1225.573,59.845,32.15,1130.0,111137F8,pump_agupta_v1,2021-10-27 13:04:40.000,2021-10-27 13:04:38.000
406,431.0,18.511,a,2020-01-20 11:20:00.490,1228.925,60.162,32.47,1132.0,111137F8,pump_agupta_v1,2021-10-27 13:04:50.000,2021-10-27 13:04:48.000
407,431.0,18.459,a,2020-01-20 11:25:00.570,1226.197,60.094,32.17,1131.0,111137F8,pump_agupta_v1,2021-10-27 13:05:00.000,2021-10-27 13:04:58.000
408,433.0,18.751,a,2020-01-20 12:20:00.660,1231.249,60.502,32.36,1135.0,111137F8,pump_agupta_v1,2021-10-27 13:06:50.000,2021-10-27 13:06:48.000
409,434.0,18.691,a,2020-01-20 12:25:00.720,1236.9160000000004,60.468,32.65,1135.0,111137F8,pump_agupta_v1,2021-10-27 13:07:00.000,2021-10-27 13:06:59.000
410,434.0,18.674,a,2020-01-20 12:30:00.580,1233.776,60.44300000000001,32.52,1135.0,111137F8,pump_agupta_v1,2021-10-27 13:07:10.000,2021-10-27 13:07:09.000
411,433.0,18.608,a,2020-01-20 12:35:00.550,1232.171,60.349,32.59,1134.0,111137F8,pump_agupta_v1,2021-10-27 13:07:20.000,2021-10-27 13:07:18.000
412,433.0,18.525,a,2020-01-20 12:40:00.730,1224.218,60.535,32.31,1134.0,111137F8,pump_agupta_v1,2021-10-27 13:07:30.000,2021-10-27 13:07:28.000
413,435.0,18.669,a,2020-01-21 00:05:03.510,1229.74,60.868,32.25,1137.0,111137F8,pump_agupta_v1,2021-10-27 13:30:21.000,2021-10-27 13:30:20.000
414,436.0,18.908,a,2020-01-21 00:10:03.390,1225.785,61.06,32.63,1139.0,111137F8,pump_agupta_v1,2021-10-27 13:30:32.000,2021-10-27 13:30:30.000
415,433.0,18.534,a,2020-01-21 00:15:03.610,1224.247,60.666,32.31,1135.0,111137F8,pump_agupta_v1,2021-10-27 13:30:42.000,2021-10-27 13:30:41.000
416,434.0,18.691,a,2020-01-21 00:20:03.480,1228.178,60.706,32.8,1136.0,111137F8,pump_agupta_v1,2021-10-27 13:30:52.000,2021-10-27 13:30:51.000
417,434.0,18.71,a,2020-01-21 00:25:03.580,1232.902,60.629,32.62,1136.0,111137F8,pump_agupta_v1,2021-10-27 13:31:02.000,2021-10-27 13:31:01.000
